id,first_name,last_name,email,gender,shirt_size
1,Kylila,Sauven,ksauven0@wikispaces.com,Female,XS
2,Madelon,Pletts,mpletts1@360.cn,Female,XS
3,Gustie,Emerson,gemerson2@bing.com,Polygender,S
4,Jarrett,Bonallick,jbonallick3@php.net,Agender,XS
5,Reggy,Betun,rbetun4@stanford.edu,Male,2XL
6,Grannie,Kingzeth,gkingzeth5@yelp.com,Male,2XL
7,Harwilll,Gumery,hgumery6@wordpress.com,Male,S
8,Bonni,Dawdary,bdawdary7@gizmodo.com,Female,XS
9,Maribeth,Plait,mplait8@guardian.co.uk,Female,XS
10,Loreen,Macklin,lmacklin9@themeforest.net,Female,L
11,Maurine,Ranstead,mransteada@plala.or.jp,Female,2XL
12,Hildagarde,Raulin,hraulinb@ucoz.com,Polygender,3XL
13,Benn,Dacre,bdacrec@dell.com,Male,S
14,Lovell,Siddell,lsiddelld@yahoo.com,Male,XL
15,Rollie,Stowte,rstowtee@yale.edu,Male,XL
16,Arlen,Danielou,adanielouf@sciencedaily.com,Genderqueer,XL
17,Lucy,Pietzke,lpietzkeg@archive.org,Female,S
18,Elisa,Rider,eriderh@sfgate.com,Female,XL
19,Lynette,Fennessy,lfennessyi@mediafire.com,Female,XL
20,Steffane,Sim,ssimj@so-net.ne.jp,Female,M
21,Debi,Lucey,dluceyk@mail.ru,Female,M
22,Ancell,Suatt,asuattl@reverbnation.com,Male,3XL
23,Alysia,Duguid,aduguidm@youku.com,Female,L
24,Daffi,Kellog,dkellogn@gmpg.org,Female,S
25,Cassandre,Allmond,callmondo@liveinternet.ru,Female,2XL
26,Stevana,Prescote,sprescotep@spotify.com,Genderqueer,S
27,Stevena,Gunthorp,sgunthorpq@vkontakte.ru,Female,S
28,Gideon,Sealand,gsealandr@cnbc.com,Male,M
29,Ingra,Gilfoy,igilfoys@dell.com,Male,XS
30,Micky,Syversen,msyversent@google.es,Male,2XL
31,Karel,Penketh,kpenkethu@canalblog.com,Male,M
32,Travus,Gerckens,tgerckensv@topsy.com,Male,M
33,Hiram,Porch,hporchw@google.co.uk,Male,3XL
34,Fair,Cadney,fcadneyx@wordpress.org,Male,2XL
35,Alano,Hathwood,ahathwoody@cisco.com,Male,L
36,Patsy,Pendleton,ppendletonz@arstechnica.com,Male,2XL
37,Gussie,Bullivant,gbullivant10@twitter.com,Female,L
38,Tadd,Brannan,tbrannan11@odnoklassniki.ru,Male,L
39,Othello,Feighry,ofeighry12@cpanel.net,Male,XL
40,Agnesse,Wynett,awynett13@cbslocal.com,Female,3XL
41,Clary,Kindleside,ckindleside14@webeden.co.uk,Female,2XL
42,Anna-maria,Dafforne,adafforne15@sbwire.com,Female,S
43,Bertram,Rebeiro,brebeiro16@seesaa.net,Male,XL
44,Sharla,Blenkin,sblenkin17@123-reg.co.uk,Female,S
45,Cherie,Hakey,chakey18@cyberchimps.com,Female,L
46,Terrell,Sarfatti,tsarfatti19@comsenz.com,Male,2XL
47,Delilah,Hutt,dhutt1a@merriam-webster.com,Female,2XL
48,Taddeo,Gee,tgee1b@odnoklassniki.ru,Genderqueer,L
49,Shandra,Staveley,sstaveley1c@sohu.com,Female,S
50,Yardley,Danilchev,ydanilchev1d@purevolume.com,Male,2XL
51,Olag,Holligan,oholligan1e@discovery.com,Male,2XL
52,Mikey,Volcker,mvolcker1f@nifty.com,Male,3XL
53,Guinevere,Grenshields,ggrenshields1g@mediafire.com,Female,2XL
54,Carrol,Vinecombe,cvinecombe1h@wikipedia.org,Bigender,S
55,Aldis,Lowde,alowde1i@bigcartel.com,Male,L
56,Aleksandr,Duff,aduff1j@dedecms.com,Male,L
57,Dickie,Bentke,dbentke1k@yahoo.co.jp,Male,XL
58,Bernete,Blackbourn,bblackbourn1l@mysql.com,Non-binary,L
59,Averyl,O'Hengerty,aohengerty1m@prweb.com,Female,XS
60,Claude,Steele,csteele1n@blog.com,Female,L
61,Jacklyn,Pakes,jpakes1o@wp.com,Female,M
62,Danette,Rodrigues,drodrigues1p@admin.ch,Non-binary,M
63,Alaine,Jerrems,ajerrems1q@com.com,Female,3XL
64,Letizia,Room,lroom1r@salon.com,Female,S
65,Davey,Tierny,dtierny1s@cafepress.com,Male,2XL
66,Colet,Giovannoni,cgiovannoni1t@surveymonkey.com,Male,2XL
67,Roman,Talbot,rtalbot1u@oaic.gov.au,Male,2XL
68,Wallie,Artist,wartist1v@storify.com,Male,S
69,Lazar,Wahncke,lwahncke1w@booking.com,Male,XS
70,Karilynn,Danelutti,kdanelutti1x@seattletimes.com,Female,3XL
71,Berthe,Franies,bfranies1y@zimbio.com,Female,S
72,Angus,Binge,abinge1z@smh.com.au,Male,S
73,Patricio,Stivey,pstivey20@ebay.com,Male,S
74,Luce,Mordacai,lmordacai21@reuters.com,Male,XL
75,Emelia,Kindle,ekindle22@state.gov,Female,M
76,Nessi,Farnie,nfarnie23@example.com,Female,3XL
77,Trev,Dericot,tdericot24@domainmarket.com,Male,2XL
78,Robbin,Clarridge,rclarridge25@google.it,Female,3XL
79,Tamera,Crosetti,tcrosetti26@slate.com,Female,XL
80,Sydelle,Metherell,smetherell27@cocolog-nifty.com,Female,2XL
81,Alfie,Domotor,adomotor28@liveinternet.ru,Female,3XL
82,Matthiew,Headland,mheadland29@craigslist.org,Male,2XL
83,Antonietta,Noone,anoone2a@webmd.com,Female,XS
84,Drucie,Rowesby,drowesby2b@aboutads.info,Female,S
85,Lenna,Slowley,lslowley2c@gizmodo.com,Female,2XL
86,Helene,MacCrann,hmaccrann2d@flavors.me,Female,M
87,Rob,Gimblet,rgimblet2e@tumblr.com,Agender,S
88,Kimmi,Cosgriff,kcosgriff2f@icio.us,Female,L
89,Jacquelynn,Vogeler,jvogeler2g@mapquest.com,Female,XL
90,Raul,Burhouse,rburhouse2h@flickr.com,Male,M
91,Gay,Rampton,grampton2i@businesswire.com,Male,S
92,Nicholas,Woolner,nwoolner2j@ucla.edu,Male,2XL
93,Robyn,Oolahan,roolahan2k@ihg.com,Female,2XL
94,Edythe,Capper,ecapper2l@miibeian.gov.cn,Female,L
95,Evin,Priden,epriden2m@quantcast.com,Male,XS
96,Brandyn,Maccari,bmaccari2n@nih.gov,Male,M
97,Maggi,Coushe,mcoushe2o@dedecms.com,Female,M
98,Debra,Howen,dhowen2p@example.com,Female,S
99,Sterling,Borg,sborg2q@alibaba.com,Male,XL
100,Stefanie,Elderton,selderton2r@lulu.com,Female,L
101,Romona,Ruddock,rruddock2s@woothemes.com,Female,M
102,Lemar,Bockings,lbockings2t@printfriendly.com,Male,3XL
103,Jaynell,Wrightam,jwrightam2u@wordpress.com,Female,L
104,Luise,Farloe,lfarloe2v@imdb.com,Female,3XL
105,Jessi,Pilmore,jpilmore2w@tripadvisor.com,Female,XL
106,Tracie,Hurleston,thurleston2x@omniture.com,Male,XL
107,Reid,Halwill,rhalwill2y@un.org,Male,M
108,Kerstin,Heads,kheads2z@tmall.com,Female,M
109,Chrisy,Perfect,cperfect30@bloomberg.com,Male,L
110,Chev,Simanek,csimanek31@microsoft.com,Male,3XL
111,Ingeberg,Tomini,itomini32@cornell.edu,Female,XS
112,Phylys,Onge,ponge33@mac.com,Female,XL
113,Tomkin,Linturn,tlinturn34@shinystat.com,Male,XL
114,Odele,Grinsted,ogrinsted35@example.com,Female,XL
115,Torey,Whittlesey,twhittlesey36@moonfruit.com,Male,3XL
116,Ara,Hansell,ahansell37@over-blog.com,Male,XL
117,Jammal,Shevelin,jshevelin38@admin.ch,Male,XS
118,Gradey,Starkie,gstarkie39@xrea.com,Male,XS
119,Andrea,Grelak,agrelak3a@aol.com,Male,M
120,Nicolea,Gepp,ngepp3b@bigcartel.com,Female,2XL
121,Tam,Fayerman,tfayerman3c@tumblr.com,Male,S
122,Hamnet,Dulanty,hdulanty3d@last.fm,Male,3XL
123,Gibb,Woodcock,gwoodcock3e@aol.com,Male,3XL
124,Kandy,Gooderidge,kgooderidge3f@ow.ly,Female,3XL
125,Viole,McClaurie,vmcclaurie3g@twitpic.com,Female,S
126,Jordan,Lundberg,jlundberg3h@smh.com.au,Female,2XL
127,Felike,Heavy,fheavy3i@tinypic.com,Male,L
128,Nobie,Baldacco,nbaldacco3j@admin.ch,Male,XL
129,Eleanor,Kane,ekane3k@mac.com,Female,S
130,Nanci,Hunnywell,nhunnywell3l@msu.edu,Female,L
131,Noel,Colliar,ncolliar3m@columbia.edu,Male,2XL
132,Dinah,Borborough,dborborough3n@arstechnica.com,Female,M
133,Lek,Riddler,lriddler3o@europa.eu,Male,XL
134,Jaclyn,Knowlys,jknowlys3p@soup.io,Agender,M
135,Temple,McCarly,tmccarly3q@examiner.com,Male,M
136,Sharline,Sine,ssine3r@home.pl,Female,XS
137,Monika,Halt,mhalt3s@skype.com,Female,L
138,Gilbert,Ingreda,gingreda3t@4shared.com,Male,M
139,Margaux,Dreschler,mdreschler3u@behance.net,Genderfluid,3XL
140,Loella,Setchfield,lsetchfield3v@blogspot.com,Female,XS
141,Tomi,Sidary,tsidary3w@usnews.com,Female,S
142,Rafaelita,Matusiak,rmatusiak3x@hao123.com,Female,3XL
143,Desi,Baptie,dbaptie3y@vinaora.com,Male,3XL
144,Ced,Arbor,carbor3z@pinterest.com,Polygender,3XL
145,Genvieve,Wigglesworth,gwigglesworth40@alibaba.com,Female,2XL
146,Jedediah,Dunbobin,jdunbobin41@ucoz.com,Male,L
147,Sherman,Damiata,sdamiata42@csmonitor.com,Male,L
148,Godart,Gowthorpe,ggowthorpe43@newyorker.com,Male,S
149,Elliot,Florio,eflorio44@opensource.org,Male,L
150,Harper,Schelle,hschelle45@booking.com,Male,M
151,Mandel,Astill,mastill46@jimdo.com,Male,XL
152,Brnaby,Erie,berie47@ehow.com,Male,XL
153,Kandy,Tomsa,ktomsa48@deliciousdays.com,Female,S
154,Malinda,Cristofolini,mcristofolini49@time.com,Female,L
155,Wilow,Regnard,wregnard4a@flickr.com,Female,L
156,Loreen,Owlner,lowlner4b@odnoklassniki.ru,Female,XL
157,Horst,Le Noir,hlenoir4c@naver.com,Male,M
158,Miguel,Hambleton,mhambleton4d@mit.edu,Male,S
159,Deborah,Jolliss,djolliss4e@amazon.co.jp,Female,XL
160,Eddy,Gillfillan,egillfillan4f@businesswire.com,Male,2XL
161,Dion,Endricci,dendricci4g@ihg.com,Male,M
162,Nikolai,Carrigan,ncarrigan4h@sun.com,Male,L
163,Luis,Tripp,ltripp4i@xinhuanet.com,Male,S
164,Teriann,Lesmonde,tlesmonde4j@berkeley.edu,Female,M
165,Mavis,Camillo,mcamillo4k@nsw.gov.au,Female,S
166,Fawne,Talkington,ftalkington4l@buzzfeed.com,Female,2XL
167,Andromache,Ballendine,aballendine4m@tinyurl.com,Bigender,2XL
168,Bogey,Twinterman,btwinterman4n@webeden.co.uk,Male,2XL
169,Dorie,Howat,dhowat4o@boston.com,Male,XS
170,Laryssa,Proppers,lproppers4p@digg.com,Female,2XL
171,Sebastiano,Swarbrick,sswarbrick4q@meetup.com,Male,XS
172,Flor,Goldin,fgoldin4r@feedburner.com,Genderqueer,M
173,Bellanca,Surguine,bsurguine4s@census.gov,Female,S
174,Christian,Spoward,cspoward4t@marriott.com,Polygender,3XL
175,Hermon,Simka,hsimka4u@slashdot.org,Male,L
176,Darla,Riddich,driddich4v@t-online.de,Female,3XL
177,Sheffy,Mouat,smouat4w@timesonline.co.uk,Male,S
178,Maridel,Greenstreet,mgreenstreet4x@cam.ac.uk,Non-binary,S
179,Micky,MacCracken,mmaccracken4y@mail.ru,Male,M
180,Suzette,Grayne,sgrayne4z@dagondesign.com,Female,3XL
181,Gunter,Connikie,gconnikie50@wsj.com,Male,XS
182,Giacopo,Peperell,gpeperell51@imageshack.us,Male,L
183,Walliw,Andreini,wandreini52@zimbio.com,Female,L
184,Elia,Manoch,emanoch53@live.com,Male,3XL
185,Isobel,Greguol,igreguol54@yahoo.co.jp,Polygender,2XL
186,Kristi,Cudbertson,kcudbertson55@house.gov,Female,XS
187,Harland,Kiljan,hkiljan56@chicagotribune.com,Male,S
188,Nickola,Bleibaum,nbleibaum57@github.io,Male,2XL
189,Arv,Martini,amartini58@ftc.gov,Male,M
190,Marlene,Errowe,merrowe59@flickr.com,Female,2XL
191,Keith,Hardson,khardson5a@mashable.com,Male,3XL
192,Baxie,Starcks,bstarcks5b@ucoz.com,Male,XL
193,Kirstyn,McCheyne,kmccheyne5c@studiopress.com,Female,M
194,Devonna,Trousdell,dtrousdell5d@blogs.com,Female,XL
195,Andie,Dunlop,adunlop5e@a8.net,Female,XS
196,Vivyan,Broader,vbroader5f@cpanel.net,Female,XS
197,Selig,Shaplin,sshaplin5g@vistaprint.com,Male,L
198,Sile,Popley,spopley5h@redcross.org,Female,L
199,Warren,Meyrick,wmeyrick5i@amazon.com,Male,XS
200,Madel,McDougald,mmcdougald5j@barnesandnoble.com,Female,S
201,Hilliard,Hurch,hhurch5k@mtv.com,Male,3XL
202,Dukey,Loukes,dloukes5l@ucsd.edu,Male,XL
203,Britt,Braghini,bbraghini5m@xinhuanet.com,Male,2XL
204,Carie,McGarrity,cmcgarrity5n@cloudflare.com,Female,M
205,Elladine,Skillitt,eskillitt5o@google.nl,Female,S
206,Abbey,Nibloe,anibloe5p@go.com,Female,L
207,Wiley,Caffin,wcaffin5q@lulu.com,Male,M
208,Berton,Balch,bbalch5r@scientificamerican.com,Non-binary,L
209,Lanna,Mayoh,lmayoh5s@creativecommons.org,Female,XL
210,Seana,Trent,strent5t@microsoft.com,Female,XS
211,Kurtis,Hards,khards5u@wufoo.com,Male,XL
212,Neddy,Brumble,nbrumble5v@shop-pro.jp,Male,XL
213,Taddeo,Alner,talner5w@netvibes.com,Male,3XL
214,Florry,de Grey,fdegrey5x@gizmodo.com,Female,3XL
215,Minne,Brambill,mbrambill5y@wufoo.com,Female,M
216,Northrop,Kimmel,nkimmel5z@goo.gl,Male,S
217,Gino,Dishman,gdishman60@usatoday.com,Male,M
218,Nonnah,Graalmans,ngraalmans61@drupal.org,Female,XL
219,Phip,Connow,pconnow62@yahoo.com,Male,XL
220,Rance,Lowell,rlowell63@ebay.co.uk,Male,S
221,Vivi,Bernhardt,vbernhardt64@weebly.com,Female,S
222,Ugo,Phetteplace,uphetteplace65@symantec.com,Male,2XL
223,Marris,Jedras,mjedras66@mtv.com,Female,XL
224,Oswald,Behling,obehling67@mediafire.com,Male,XS
225,Franchot,Mort,fmort68@e-recht24.de,Male,L
226,Kara,Cavolini,kcavolini69@loc.gov,Female,M
227,Clarabelle,Uphill,cuphill6a@fotki.com,Female,XL
228,Bonnee,Satterlee,bsatterlee6b@hud.gov,Female,XL
229,Laurie,Aland,laland6c@who.int,Female,XL
230,Zackariah,Tatters,ztatters6d@nasa.gov,Male,3XL
231,Susanna,Mytton,smytton6e@google.com.hk,Female,3XL
232,Garald,Blanchard,gblanchard6f@theglobeandmail.com,Male,3XL
233,Galvan,Tirkin,gtirkin6g@themeforest.net,Male,XL
234,Theodore,Sturney,tsturney6h@imdb.com,Male,XL
235,Cornall,Halse,chalse6i@boston.com,Male,L
236,Case,Piscotti,cpiscotti6j@g.co,Male,S
237,Stevana,Dancer,sdancer6k@csmonitor.com,Female,XL
238,Darcey,Doghartie,ddoghartie6l@house.gov,Female,3XL
239,Mari,Grimster,mgrimster6m@phoca.cz,Female,L
240,Roz,Whisker,rwhisker6n@xrea.com,Female,XL
241,Adolpho,Mennell,amennell6o@bravesites.com,Male,XL
242,Trisha,Elesander,telesander6p@google.co.uk,Female,2XL
243,Pren,Frear,pfrear6q@webmd.com,Agender,L
244,Christina,Dikles,cdikles6r@pbs.org,Female,XS
245,Huntley,Unwin,hunwin6s@hatena.ne.jp,Male,3XL
246,Nat,Dederick,ndederick6t@youtu.be,Female,M
247,Montague,Fearon,mfearon6u@independent.co.uk,Male,3XL
248,Cam,Keast,ckeast6v@ebay.co.uk,Male,2XL
249,Vance,Swaysland,vswaysland6w@fda.gov,Male,L
250,Shalom,Ducker,sducker6x@sciencedirect.com,Male,XS
251,Giffard,Stout,gstout6y@ask.com,Male,2XL
252,Beth,Klageman,bklageman6z@chron.com,Female,XS
253,Leann,Grebbin,lgrebbin70@facebook.com,Female,2XL
254,Garey,Roumier,groumier71@usa.gov,Male,L
255,Dane,Rodear,drodear72@discovery.com,Male,3XL
256,Candice,Olliff,colliff73@hibu.com,Female,XL
257,Jojo,Van den Velden,jvandenvelden74@census.gov,Female,XL
258,Hamlin,Haslam,hhaslam75@europa.eu,Male,XS
259,Hoebart,Feldstein,hfeldstein76@istockphoto.com,Male,M
260,Michal,Bazek,mbazek77@meetup.com,Female,M
261,Kienan,Barnett,kbarnett78@sun.com,Male,2XL
262,Lexis,Ferries,lferries79@oaic.gov.au,Female,M
263,Ina,Andreas,iandreas7a@wikia.com,Female,XS
264,Izzy,Eddicott,ieddicott7b@flavors.me,Male,S
265,Archaimbaud,Shrubshall,ashrubshall7c@gov.uk,Male,3XL
266,Hieronymus,Proffitt,hproffitt7d@umn.edu,Male,XS
267,Philbert,Glabach,pglabach7e@mtv.com,Male,3XL
268,Flss,Corriea,fcorriea7f@unicef.org,Female,XL
269,Zita,Cathie,zcathie7g@walmart.com,Female,XL
270,Keeley,Wornum,kwornum7h@prnewswire.com,Female,L
271,Arlena,White,awhite7i@mayoclinic.com,Female,XS
272,Anne-marie,Lingwood,alingwood7j@gmpg.org,Female,XL
273,Huey,Jullian,hjullian7k@mapquest.com,Polygender,2XL
274,Helen,Basnall,hbasnall7l@npr.org,Female,S
275,Clary,Knappe,cknappe7m@mail.ru,Female,L
276,Ameline,Le Fevre,alefevre7n@w3.org,Female,XS
277,Brant,Maryman,bmaryman7o@clickbank.net,Male,M
278,Nicky,McGivena,nmcgivena7p@jalbum.net,Female,XS
279,Bill,Anmore,banmore7q@alibaba.com,Male,XS
280,Brianne,Housecraft,bhousecraft7r@google.com.hk,Female,L
281,Lorin,Turney,lturney7s@ask.com,Male,XL
282,Windham,Hanscomb,whanscomb7t@creativecommons.org,Male,XS
283,Stormi,McFie,smcfie7u@ucoz.com,Female,XS
284,Essa,Beininck,ebeininck7v@bizjournals.com,Polygender,2XL
285,Sinclare,Anfosso,sanfosso7w@parallels.com,Male,S
286,Lucais,Filov,lfilov7x@time.com,Genderfluid,M
287,Georges,Gibbe,ggibbe7y@forbes.com,Male,M
288,Bernice,Maslin,bmaslin7z@yellowbook.com,Female,M
289,Karlens,Brighty,kbrighty80@house.gov,Male,M
290,Lauree,Van der Brug,lvanderbrug81@deviantart.com,Female,3XL
291,Abigail,Fruish,afruish82@huffingtonpost.com,Female,XS
292,Corie,Kildea,ckildea83@dot.gov,Female,2XL
293,Bernete,Jays,bjays84@buzzfeed.com,Female,L
294,Damita,Yurkov,dyurkov85@spotify.com,Female,XS
295,Karly,Gehrtz,kgehrtz86@ucoz.ru,Female,XL
296,Kameko,Klimuk,kklimuk87@is.gd,Female,XS
297,Jacqueline,Driuzzi,jdriuzzi88@cornell.edu,Genderfluid,M
298,Ilyssa,Vinck,ivinck89@digg.com,Female,XL
299,Faith,Corneliussen,fcorneliussen8a@acquirethisname.com,Female,L
300,Colly,Antonowicz,cantonowicz8b@cocolog-nifty.com,Female,XS
301,Valencia,Claeskens,vclaeskens8c@jigsy.com,Female,XL
302,Deane,Duddy,dduddy8d@nature.com,Female,S
303,Tobit,Pallesen,tpallesen8e@epa.gov,Male,2XL
304,Saxe,Joskowitz,sjoskowitz8f@timesonline.co.uk,Male,XL
305,Viola,Nutbeem,vnutbeem8g@i2i.jp,Female,3XL
306,Hedda,Purse,hpurse8h@mtv.com,Female,2XL
307,Abel,Tickle,atickle8i@woothemes.com,Male,XS
308,Hurlee,Wurz,hwurz8j@creativecommons.org,Male,XL
309,Ronnica,McQueen,rmcqueen8k@gmpg.org,Female,S
310,Agatha,Allebone,aallebone8l@tmall.com,Genderfluid,S
311,Adey,Mortlock,amortlock8m@xrea.com,Female,M
312,Ase,Jedrachowicz,ajedrachowicz8n@weibo.com,Male,2XL
313,Delinda,Mazzeo,dmazzeo8o@yellowpages.com,Female,S
314,Jacinta,Edsall,jedsall8p@shutterfly.com,Female,XL
315,Maisey,Lettington,mlettington8q@tripadvisor.com,Female,XS
316,Mike,Cotte,mcotte8r@omniture.com,Male,S
317,Jeanie,Harnell,jharnell8s@pen.io,Female,XL
318,Jeana,Binham,jbinham8t@intel.com,Non-binary,M
319,Adolphe,McMyler,amcmyler8u@prweb.com,Male,S
320,Barret,Fahy,bfahy8v@geocities.com,Male,XS
321,Marni,Atwill,matwill8w@elegantthemes.com,Female,S
322,Marlyn,Mullin,mmullin8x@google.it,Female,3XL
323,Giustino,Snowding,gsnowding8y@guardian.co.uk,Male,3XL
324,Hyacinthia,Minker,hminker8z@arizona.edu,Female,S
325,Mariejeanne,Varlow,mvarlow90@reference.com,Female,XL
326,Candida,Andriveaux,candriveaux91@google.com.br,Female,M
327,Drusilla,Prosser,dprosser92@npr.org,Female,XL
328,Jefferson,Ayliff,jayliff93@stanford.edu,Male,S
329,Nita,Cratere,ncratere94@blogger.com,Genderqueer,3XL
330,Adelbert,Dewen,adewen95@auda.org.au,Agender,XL
331,Alli,Surpliss,asurpliss96@walmart.com,Female,3XL
332,Asher,Tudgay,atudgay97@elegantthemes.com,Male,XL
333,Thaddeus,Batchelor,tbatchelor98@chronoengine.com,Male,S
334,Patrizio,Aleavy,paleavy99@hhs.gov,Male,L
335,Goldia,Allden,gallden9a@wikispaces.com,Female,3XL
336,Violetta,Bristoe,vbristoe9b@chicagotribune.com,Female,3XL
337,Hoyt,Fennelly,hfennelly9c@unc.edu,Male,3XL
338,Cherri,Warret,cwarret9d@360.cn,Female,XS
339,Ludovika,Standbrooke,lstandbrooke9e@freewebs.com,Agender,XS
340,Skye,Fillan,sfillan9f@ucsd.edu,Bigender,XS
341,Claudell,Franzonello,cfranzonello9g@rakuten.co.jp,Male,S
342,Gwenora,Tummons,gtummons9h@livejournal.com,Female,3XL
343,Shae,Shoebotham,sshoebotham9i@dell.com,Male,3XL
344,Hadley,Sabban,hsabban9j@squidoo.com,Bigender,3XL
345,Cello,Grunguer,cgrunguer9k@nymag.com,Male,XS
346,Rodd,Shillington,rshillington9l@wsj.com,Male,XL
347,Margery,De Winton,mdewinton9m@state.gov,Female,M
348,Mia,Siggery,msiggery9n@surveymonkey.com,Female,2XL
349,Claudius,Tolcher,ctolcher9o@diigo.com,Male,S
350,Patsy,Gibbings,pgibbings9p@deviantart.com,Female,S
351,Barbra,Ferreo,bferreo9q@rakuten.co.jp,Female,3XL
352,Nady,Spleving,nspleving9r@vistaprint.com,Female,XS
353,Shawn,Jonin,sjonin9s@youtu.be,Male,L
354,Anatollo,Desborough,adesborough9t@census.gov,Male,S
355,Dory,Bockh,dbockh9u@blogspot.com,Female,2XL
356,Wilmar,Gantzman,wgantzman9v@state.tx.us,Male,S
357,Nollie,Bollin,nbollin9w@webeden.co.uk,Male,3XL
358,Bary,Norledge,bnorledge9x@mayoclinic.com,Male,L
359,Corrianne,Aizkovitch,caizkovitch9y@fda.gov,Female,XS
360,Ulysses,Saterweyte,usaterweyte9z@wix.com,Male,3XL
361,Alden,Hacon,ahacona0@sogou.com,Male,2XL
362,Deanna,Paroni,dparonia1@lycos.com,Female,S
363,Alphard,Colwill,acolwilla2@cisco.com,Male,2XL
364,Reynard,Plumridge,rplumridgea3@microsoft.com,Male,XL
365,Mendel,Goodlet,mgoodleta4@twitter.com,Male,2XL
366,Linnie,Adamik,ladamika5@springer.com,Female,M
367,Tades,Cormack,tcormacka6@geocities.com,Male,XL
368,Joly,Mitkin,jmitkina7@abc.net.au,Female,S
369,Alphonse,Franck,afrancka8@imgur.com,Male,XS
370,Madonna,Vakhrushev,mvakhrusheva9@webeden.co.uk,Female,M
371,Teodorico,Parfrey,tparfreyaa@comsenz.com,Male,L
372,Jesse,Danihelka,jdanihelkaab@foxnews.com,Male,S
373,Nil,Allmen,nallmenac@tiny.cc,Male,XL
374,Skylar,Mears,smearsad@gnu.org,Male,XS
375,Quintus,Norville,qnorvilleae@list-manage.com,Male,M
376,Gerome,Skyrme,gskyrmeaf@go.com,Male,XL
377,Wendy,Starmer,wstarmerag@histats.com,Female,XS
378,Ramon,Sallinger,rsallingerah@wordpress.com,Male,XL
379,Sela,Rowling,srowlingai@cnbc.com,Female,XL
380,Melisande,Zisneros,mzisnerosaj@miibeian.gov.cn,Female,XL
381,Lucia,Hegg,lheggak@flavors.me,Female,L
382,Neddie,O'Connel,noconnelal@slate.com,Male,XL
383,Reece,Paolotto,rpaolottoam@ameblo.jp,Male,L
384,Hannis,Claye,hclayean@blogspot.com,Female,2XL
385,Ali,Syddall,asyddallao@oakley.com,Female,XS
386,Jilly,Dane,jdaneap@washington.edu,Female,S
387,Tarrance,Westmancoat,twestmancoataq@cafepress.com,Male,2XL
388,Rosetta,Pennycock,rpennycockar@furl.net,Female,M
389,Jerri,Pile,jpileas@amazon.com,Agender,2XL
390,Goran,While,gwhileat@yahoo.co.jp,Male,S
391,Byram,Wippermann,bwippermannau@ftc.gov,Male,XS
392,Gery,Devonald,gdevonaldav@t-online.de,Genderfluid,L
393,Denice,Mirrlees,dmirrleesaw@marketwatch.com,Agender,XS
394,Heywood,Barhams,hbarhamsax@goo.gl,Male,3XL
395,Justus,Dimitrijevic,jdimitrijevicay@chicagotribune.com,Male,3XL
396,Latia,Pagitt,lpagittaz@wsj.com,Female,L
397,Effie,Pallent,epallentb0@dropbox.com,Female,XS
398,Alonzo,Geany,ageanyb1@columbia.edu,Polygender,XS
399,Brew,London,blondonb2@domainmarket.com,Male,M
400,Aymer,Froude,afroudeb3@tripadvisor.com,Male,3XL
401,Peirce,Timmermann,ptimmermannb4@list-manage.com,Male,S
402,Montgomery,Godart,mgodartb5@spotify.com,Male,M
403,Corrianne,Richemont,crichemontb6@mapquest.com,Female,M
404,Keely,Netherwood,knetherwoodb7@fc2.com,Female,M
405,Ingunna,Pietraszek,ipietraszekb8@chicagotribune.com,Female,XS
406,Brietta,Simister,bsimisterb9@google.co.uk,Female,2XL
407,Thibaud,Aggas,taggasba@over-blog.com,Male,M
408,Rochester,Groucutt,rgroucuttbb@amazon.co.jp,Male,XS
409,Evelyn,Tomney,etomneybc@imdb.com,Female,3XL
410,Noemi,Giraux,ngirauxbd@vimeo.com,Female,2XL
411,Sinclair,Marty,smartybe@edublogs.org,Male,XS
412,Boone,Messent,bmessentbf@cnbc.com,Male,M
413,Gwynne,Pudge,gpudgebg@cdbaby.com,Female,L
414,Sigvard,Constantinou,sconstantinoubh@netvibes.com,Male,2XL
415,Arvy,Kilpatrick,akilpatrickbi@state.tx.us,Male,M
416,Deerdre,Ickovits,dickovitsbj@weibo.com,Female,2XL
417,Lynsey,Silbert,lsilbertbk@over-blog.com,Female,3XL
418,Emmalee,Bunyard,ebunyardbl@washingtonpost.com,Female,XL
419,Joseph,Borrow,jborrowbm@umn.edu,Male,XS
420,Mariele,MacKeeg,mmackeegbn@discovery.com,Female,3XL
421,Mabel,Sebyer,msebyerbo@cdc.gov,Female,2XL
422,Forbes,Marchand,fmarchandbp@blinklist.com,Male,L
423,Lindy,Collecott,lcollecottbq@theatlantic.com,Male,XS
424,Loy,Cosin,lcosinbr@forbes.com,Male,M
425,Larissa,Nardoni,lnardonibs@google.co.uk,Non-binary,2XL
426,Giorgia,Bothbie,gbothbiebt@thetimes.co.uk,Female,S
427,Maridel,Berthe,mberthebu@gravatar.com,Female,XL
428,Gilligan,Foakes,gfoakesbv@va.gov,Female,M
429,Bert,Davidavidovics,bdavidavidovicsbw@ehow.com,Male,L
430,Paulette,Wadwell,pwadwellbx@ted.com,Female,3XL
431,Mireielle,Gready,mgreadyby@xing.com,Female,2XL
432,Balduin,Rands,brandsbz@netlog.com,Male,XL
433,Barty,Pover,bpoverc0@rediff.com,Male,M
434,Perl,Boutton,pbouttonc1@topsy.com,Female,M
435,Josephine,Cradey,jcradeyc2@odnoklassniki.ru,Female,2XL
436,Faber,Dispencer,fdispencerc3@reddit.com,Male,2XL
437,Berta,Headington,bheadingtonc4@berkeley.edu,Female,M
438,Alvira,Tutin,atutinc5@reddit.com,Female,XS
439,Dmitri,Furbank,dfurbankc6@t-online.de,Male,2XL
440,Deirdre,Rosi,drosic7@twitter.com,Female,L
441,Kin,Littlemore,klittlemorec8@360.cn,Male,M
442,Malory,Prior,mpriorc9@plala.or.jp,Female,M
443,Alla,Rounce,arounceca@posterous.com,Female,L
444,Darin,Lonsdale,dlonsdalecb@moonfruit.com,Male,M
445,Genevra,Quarless,gquarlesscc@discovery.com,Female,S
446,Hannis,Dearle,hdearlecd@cnbc.com,Female,XS
447,Amerigo,Barwis,abarwisce@unblog.fr,Male,3XL
448,Lisle,Brugger,lbruggercf@ucla.edu,Genderqueer,XL
449,Tommi,Frid,tfridcg@scribd.com,Female,L
450,Uriel,Mocquer,umocquerch@cbc.ca,Male,3XL
451,Arliene,Bowcock,abowcockci@cdbaby.com,Female,L
452,Gabbi,Scouller,gscoullercj@desdev.cn,Female,XL
453,Brok,Plues,bpluesck@craigslist.org,Male,XS
454,Edwin,Dalglish,edalglishcl@usda.gov,Male,3XL
455,Dell,Origin,dorigincm@miibeian.gov.cn,Male,L
456,Danie,Hegge,dheggecn@canalblog.com,Male,XS
457,Aaren,Whaley,awhaleyco@meetup.com,Female,L
458,Lilith,Dumigan,ldumigancp@liveinternet.ru,Female,2XL
459,Nomi,Desseine,ndesseinecq@netvibes.com,Female,XL
460,Junette,Wight,jwightcr@edublogs.org,Female,L
461,Gina,Veltmann,gveltmanncs@mozilla.com,Female,XS
462,Letizia,Tilley,ltilleyct@mapy.cz,Female,M
463,Catlin,Shatliff,cshatliffcu@lycos.com,Female,S
464,Duffy,Du Hamel,dduhamelcv@independent.co.uk,Male,XS
465,Lanna,Bean,lbeancw@freewebs.com,Female,M
466,Aline,Peracco,aperaccocx@delicious.com,Female,XL
467,Carissa,Feehily,cfeehilycy@indiegogo.com,Female,XS
468,De,Heinsh,dheinshcz@vk.com,Genderfluid,2XL
469,Adelheid,Mainland,amainlandd0@telegraph.co.uk,Female,L
470,Daria,Honisch,dhonischd1@vkontakte.ru,Female,XS
471,Paddy,Hall,phalld2@smugmug.com,Male,L
472,Svend,McCorkindale,smccorkindaled3@fema.gov,Male,XS
473,Arney,Cains,acainsd4@behance.net,Male,3XL
474,Hetty,Clayden,hclaydend5@simplemachines.org,Female,2XL
475,Padgett,Izatson,pizatsond6@usatoday.com,Male,2XL
476,Chase,Beeke,cbeeked7@ameblo.jp,Male,S
477,Tootsie,Rolley,trolleyd8@google.com.br,Polygender,XS
478,Toddie,Babe,tbabed9@nature.com,Male,L
479,Winne,Gurg,wgurgda@intel.com,Female,3XL
480,Druci,Symones,dsymonesdb@kickstarter.com,Female,L
481,Dolores,Perryn,dperryndc@scribd.com,Female,S
482,Derby,Mabbott,dmabbottdd@sfgate.com,Male,L
483,Candi,Uren,curende@dion.ne.jp,Female,XS
484,Gayelord,Dubbin,gdubbindf@cafepress.com,Male,S
485,Daveen,Kelberman,dkelbermandg@themeforest.net,Female,L
486,Veronike,Pays,vpaysdh@netvibes.com,Female,XL
487,Guillemette,O'Flaverty,goflavertydi@dyndns.org,Bigender,L
488,Silvano,Wigelsworth,swigelsworthdj@exblog.jp,Bigender,3XL
489,Tony,Greenshiels,tgreenshielsdk@ycombinator.com,Non-binary,2XL
490,Valera,Garey,vgareydl@taobao.com,Female,XL
491,Maura,Pettis,mpettisdm@hud.gov,Female,XS
492,Neron,Disbrow,ndisbrowdn@nifty.com,Male,XS
493,Cleve,Killner,ckillnerdo@twitpic.com,Male,XS
494,Meir,Galler,mgallerdp@nasa.gov,Male,2XL
495,Mehetabel,Shadbolt,mshadboltdq@wp.com,Female,L
496,Adler,Hallowes,ahallowesdr@fotki.com,Male,2XL
497,Kristos,Vassel,kvasselds@i2i.jp,Male,XS
498,Katha,Trimnell,ktrimnelldt@g.co,Female,XL
499,Emera,Cockling,ecocklingdu@google.com.au,Female,S
500,Neal,Gymlett,ngymlettdv@eventbrite.com,Male,M
501,Justin,Brodnecke,jbrodneckedw@amazon.com,Male,2XL
502,Corry,Morter,cmorterdx@yale.edu,Female,S
503,Denice,Robatham,drobathamdy@bing.com,Female,XL
504,Ernaline,Mc Combe,emccombedz@bbc.co.uk,Female,XL
505,Jennica,Millwater,jmillwatere0@imageshack.us,Female,3XL
506,Frederick,Sisland,fsislande1@addtoany.com,Male,L
507,Lucy,Conneely,lconneelye2@rakuten.co.jp,Female,XL
508,Charis,Beazleigh,cbeazleighe3@ftc.gov,Female,XS
509,Ezekiel,Trime,etrimee4@cbc.ca,Male,L
510,Ulric,Bassham,ubasshame5@booking.com,Non-binary,S
511,Jamie,Gryglewski,jgryglewskie6@sakura.ne.jp,Male,L
512,Anabal,Just,ajuste7@simplemachines.org,Female,2XL
513,Lois,Glascott,lglascotte8@mapquest.com,Agender,XS
514,Anabel,Lodwick,alodwicke9@1688.com,Female,3XL
515,Rhetta,Been,rbeenea@cisco.com,Genderqueer,M
516,Rustie,Deverill,rdeverilleb@360.cn,Male,S
517,Deanna,Mocher,dmocherec@hibu.com,Female,2XL
518,Tybie,Moden,tmodened@topsy.com,Female,3XL
519,Etheline,Webby,ewebbyee@booking.com,Female,2XL
520,Chrisse,Pelman,cpelmanef@sphinn.com,Male,L
521,Codi,Goodram,cgoodrameg@cargocollective.com,Female,L
522,Antonie,Hartmann,ahartmanneh@typepad.com,Female,L
523,Edithe,Anker,eankerei@amazon.co.uk,Female,L
524,Anni,Rentoll,arentollej@amazon.com,Female,XL
525,Jillayne,Larchier,jlarchierek@mtv.com,Female,3XL
526,Gaile,Jeynes,gjeynesel@indiegogo.com,Male,XL
527,Clotilda,Human,chumanem@archive.org,Female,3XL
528,Kendricks,Lill,klillen@wiley.com,Male,3XL
529,Gerard,Dallon,gdalloneo@free.fr,Male,M
530,Belita,Bannester,bbannesterep@exblog.jp,Female,2XL
531,Steward,Rielly,sriellyeq@blogger.com,Male,S
532,Rhonda,Wormald,rwormalder@zimbio.com,Female,2XL
533,Coretta,Moreing,cmoreinges@icq.com,Agender,S
534,Jamima,Hartles,jhartleset@trellian.com,Female,M
535,Gino,Feldmark,gfeldmarkeu@smugmug.com,Male,XL
536,Patty,Stuchburie,pstuchburieev@people.com.cn,Male,XL
537,Gianna,Falla,gfallaew@latimes.com,Female,XS
538,Corny,Hackleton,chackletonex@github.com,Female,L
539,Allina,Verdie,averdieey@chron.com,Female,2XL
540,Jeno,Picott,jpicottez@hud.gov,Male,M
541,Steven,Leeburne,sleeburnef0@foxnews.com,Male,S
542,Philippine,Tamblingson,ptamblingsonf1@godaddy.com,Genderqueer,XS
543,Cathyleen,Dockwra,cdockwraf2@netscape.com,Female,XS
544,Conrad,Gandey,cgandeyf3@stanford.edu,Male,2XL
545,Humphrey,Creavin,hcreavinf4@sciencedirect.com,Male,L
546,Bronny,Luetkemeyers,bluetkemeyersf5@unblog.fr,Male,L
547,Giacomo,Clamp,gclampf6@google.ru,Male,XL
548,Jean,Sandwick,jsandwickf7@cocolog-nifty.com,Female,2XL
549,Helsa,Dirr,hdirrf8@cdc.gov,Female,2XL
550,Nancie,MacGaffey,nmacgaffeyf9@youtube.com,Female,S
551,Ulises,Ensley,uensleyfa@si.edu,Male,M
552,Sonya,Wace,swacefb@lycos.com,Female,3XL
553,Donny,Need,dneedfc@independent.co.uk,Bigender,XS
554,Livy,Novkovic,lnovkovicfd@vinaora.com,Female,L
555,Rik,Shillom,rshillomfe@newsvine.com,Male,M
556,Ragnar,Pithcock,rpithcockff@harvard.edu,Genderqueer,L
557,Hershel,Beane,hbeanefg@miitbeian.gov.cn,Bigender,L
558,Ned,Kimbury,nkimburyfh@examiner.com,Male,L
559,Addia,Skupinski,askupinskifi@bbc.co.uk,Female,L
560,Zea,De La Haye,zdelahayefj@princeton.edu,Female,XS
561,Dara,Hrinchenko,dhrinchenkofk@soundcloud.com,Female,3XL
562,Gerardo,Hof,ghoffl@nih.gov,Male,S
563,Vaughn,Mutton,vmuttonfm@reference.com,Polygender,L
564,Tera,Giacoppoli,tgiacoppolifn@homestead.com,Female,XS
565,Paulette,Smallacombe,psmallacombefo@bloglines.com,Female,2XL
566,Rab,Hunnisett,rhunnisettfp@phpbb.com,Bigender,3XL
567,Odelinda,Shaddick,oshaddickfq@sbwire.com,Non-binary,XS
568,Melisse,Terrelly,mterrellyfr@nps.gov,Female,S
569,Hardy,Rawes,hrawesfs@hc360.com,Male,2XL
570,Elden,Leupoldt,eleupoldtft@123-reg.co.uk,Male,XL
571,Lurleen,Heaker,lheakerfu@dell.com,Female,M
572,Birk,Morsom,bmorsomfv@skyrock.com,Male,2XL
573,Geoffry,Ollie,golliefw@businessinsider.com,Male,M
574,Benson,Petre,bpetrefx@foxnews.com,Male,XS
575,Brant,Luscott,bluscottfy@imdb.com,Male,XS
576,Shandeigh,Gibling,sgiblingfz@aboutads.info,Female,2XL
577,Ashby,Beane,abeaneg0@yellowpages.com,Male,M
578,Kip,Brushneen,kbrushneeng1@utexas.edu,Female,XL
579,Faustine,D'Aguanno,fdaguannog2@aol.com,Female,3XL
580,Florella,Vakhrushin,fvakhrushing3@wikipedia.org,Female,XS
581,Susann,Vidgen,svidgeng4@google.com.hk,Female,M
582,Dora,Matthiesen,dmatthieseng5@ezinearticles.com,Female,L
583,Con,Bampforth,cbampforthg6@nytimes.com,Male,2XL
584,Karla,Portress,kportressg7@dedecms.com,Female,2XL
585,Joshia,Caesar,jcaesarg8@howstuffworks.com,Male,L
586,Bridget,Fyldes,bfyldesg9@abc.net.au,Female,XS
587,Ernaline,Belone,ebelonega@4shared.com,Female,3XL
588,Dinah,Bowller,dbowllergb@ameblo.jp,Female,XS
589,Rodie,Stuchbury,rstuchburygc@exblog.jp,Female,2XL
590,Merrill,Oxburgh,moxburghgd@t-online.de,Female,3XL
591,Debbie,Casaccio,dcasaccioge@barnesandnoble.com,Female,3XL
592,Andrea,Khadir,akhadirgf@soup.io,Male,L
593,Tuckie,Konke,tkonkegg@wunderground.com,Male,M
594,Mel,Penas,mpenasgh@ucsd.edu,Male,3XL
595,Norman,Stoving,nstovinggi@homestead.com,Male,XS
596,Aigneis,Pessel,apesselgj@deliciousdays.com,Female,2XL
597,Theressa,Stones,tstonesgk@constantcontact.com,Female,3XL
598,Goober,Gard,ggardgl@vk.com,Male,3XL
599,Augusto,Merwe,amerwegm@nhs.uk,Male,L
600,Zechariah,Cowan,zcowangn@homestead.com,Male,3XL
601,Scot,Brakewell,sbrakewellgo@cargocollective.com,Male,2XL
602,Clemente,Fabbri,cfabbrigp@hibu.com,Male,S
603,Raul,Sleigh,rsleighgq@usda.gov,Male,2XL
604,Johnathon,Petrasek,jpetrasekgr@elpais.com,Male,L
605,Wye,Gieraths,wgierathsgs@blogger.com,Male,XL
606,Leonard,Jancy,ljancygt@imgur.com,Agender,M
607,Kristine,Burnyeat,kburnyeatgu@w3.org,Female,M
608,Uriel,Redhouse,uredhousegv@newsvine.com,Male,XS
609,Howard,McNae,hmcnaegw@slideshare.net,Male,3XL
610,Merralee,Hawthorn,mhawthorngx@cnet.com,Female,2XL
611,Vinny,Blumire,vblumiregy@youtube.com,Female,XS
612,Devi,Standing,dstandinggz@independent.co.uk,Female,XL
613,Kailey,Matteoni,kmatteonih0@google.com.hk,Female,3XL
614,Clemmy,Young,cyoungh1@google.co.jp,Male,XL
615,Marcelo,Revely,mrevelyh2@google.com,Male,3XL
616,Claybourne,Ness,cnessh3@pinterest.com,Male,XS
617,Merilee,Winwood,mwinwoodh4@cafepress.com,Female,M
618,Karine,Byrd,kbyrdh5@discuz.net,Female,L
619,Edna,Duinkerk,eduinkerkh6@foxnews.com,Female,S
620,Hesther,Donnell,hdonnellh7@eepurl.com,Female,2XL
621,Kathleen,Mariette,kmarietteh8@archive.org,Female,S
622,Pascal,Ropcke,propckeh9@eventbrite.com,Non-binary,M
623,Erv,Oppy,eoppyha@ebay.com,Male,3XL
624,Meier,Durrett,mdurretthb@amazon.co.jp,Male,2XL
625,Stanford,Barrott,sbarrotthc@hhs.gov,Male,S
626,Brandy,Verna,bvernahd@bigcartel.com,Female,3XL
627,Marcos,Scoyne,mscoynehe@tinypic.com,Male,XL
628,Cathie,MacKay,cmackayhf@e-recht24.de,Female,XS
629,Devi,Deex,ddeexhg@sfgate.com,Female,2XL
630,Bendick,Dayne,bdaynehh@npr.org,Male,2XL
631,Constantine,Rewcassell,crewcassellhi@salon.com,Male,XL
632,Zacharia,Plaice,zplaicehj@i2i.jp,Male,M
633,Colby,Shankland,cshanklandhk@redcross.org,Male,XS
634,Lannie,Withinshaw,lwithinshawhl@networksolutions.com,Male,M
635,Isis,Guiu,iguiuhm@amazon.com,Bigender,2XL
636,Talya,Oxnam,toxnamhn@bravesites.com,Female,S
637,Gibb,Huthart,ghuthartho@multiply.com,Male,L
638,Goldina,Ivashnikov,givashnikovhp@over-blog.com,Female,M
639,Hattie,Passie,hpassiehq@alibaba.com,Female,XL
640,Phylys,Tocqueville,ptocquevillehr@facebook.com,Female,2XL
641,Coletta,Batts,cbattshs@xing.com,Female,XL
642,Peter,Trittam,ptrittamht@ycombinator.com,Male,M
643,Charmaine,Indge,cindgehu@lycos.com,Female,M
644,Guinevere,Pimbley,gpimbleyhv@plala.or.jp,Female,M
645,Blayne,Borgnol,bborgnolhw@boston.com,Male,S
646,Jesselyn,Hessay,jhessayhx@ning.com,Female,XL
647,Fianna,Allison,fallisonhy@nbcnews.com,Female,XS
648,Vanda,Royden,vroydenhz@nyu.edu,Female,S
649,Leonerd,Vine,lvinei0@diigo.com,Male,XL
650,Cookie,Petri,cpetrii1@gizmodo.com,Female,2XL
651,Ilaire,Trinder,itrinderi2@cbc.ca,Agender,XL
652,Aretha,Thor,athori3@weibo.com,Female,XS
653,Gennie,Wrangle,gwranglei4@usa.gov,Female,XL
654,Else,Macon,emaconi5@deliciousdays.com,Female,M
655,Adaline,Wilstead,awilsteadi6@spotify.com,Female,M
656,Jehanna,Ehrat,jehrati7@shinystat.com,Female,M
657,Jacintha,Swinford,jswinfordi8@columbia.edu,Female,XS
658,Mylo,Bassilashvili,mbassilashvilii9@theguardian.com,Male,XS
659,Wilfred,Biskupski,wbiskupskiia@google.co.uk,Male,XL
660,Petronille,Janoschek,pjanoschekib@tamu.edu,Female,XS
661,Yolande,Castagna,ycastagnaic@360.cn,Female,XS
662,Luther,MacGettigen,lmacgettigenid@comsenz.com,Male,L
663,Amble,Lakey,alakeyie@google.it,Male,XS
664,Rubin,Ross,rrossif@npr.org,Male,S
665,Gail,O'Hartagan,gohartaganig@macromedia.com,Female,XL
666,Tonye,Chelsom,tchelsomih@tmall.com,Female,L
667,Ware,Murrock,wmurrockii@yale.edu,Male,XS
668,Orrin,Mangan,omanganij@google.co.uk,Male,S
669,Skelly,Catcherside,scatchersideik@hao123.com,Male,M
670,Kariotta,Charity,kcharityil@shareasale.com,Agender,2XL
671,Di,Kelloway,dkellowayim@ning.com,Female,2XL
672,Cordi,Wadeson,cwadesonin@newyorker.com,Female,M
673,Karisa,Eburah,keburahio@bing.com,Female,L
674,Elwira,Di Maggio,edimaggioip@stanford.edu,Female,L
675,Lorri,Lodo,llodoiq@vimeo.com,Female,XS
676,Ettie,Wardley,ewardleyir@redcross.org,Female,3XL
677,Lesley,Maybury,lmayburyis@fc2.com,Male,L
678,Ragnar,Smeaton,rsmeatonit@gravatar.com,Male,M
679,Alair,Fennick,afennickiu@yahoo.co.jp,Genderqueer,XL
680,Tonya,Jurkowski,tjurkowskiiv@slate.com,Female,2XL
681,Cindelyn,Shearston,cshearstoniw@ucsd.edu,Female,2XL
682,Zed,Hamblett,zhamblettix@ovh.net,Male,L
683,Gisele,Fraser,gfraseriy@macromedia.com,Agender,L
684,Maje,Jacques,mjacquesiz@unblog.fr,Male,M
685,Lark,Bisley,lbisleyj0@cbc.ca,Genderqueer,XS
686,Ricki,Harsent,rharsentj1@businessinsider.com,Male,3XL
687,Frayda,McIlwrath,fmcilwrathj2@wired.com,Female,M
688,Harland,Aspinal,haspinalj3@xrea.com,Male,XL
689,Jayme,McCracken,jmccrackenj4@webmd.com,Male,S
690,Carolyn,Ruse,crusej5@cam.ac.uk,Female,2XL
691,Daveen,Cornelis,dcornelisj6@ibm.com,Female,M
692,Anastassia,Langworthy,alangworthyj7@blinklist.com,Female,2XL
693,Sampson,Gaddesby,sgaddesbyj8@elegantthemes.com,Male,XS
694,Coop,Champney,cchampneyj9@dropbox.com,Male,2XL
695,Charles,O'Flannery,coflanneryja@yale.edu,Male,XL
696,Matthias,Braithwait,mbraithwaitjb@icq.com,Male,3XL
697,Guendolen,Joska,gjoskajc@csmonitor.com,Female,2XL
698,Tomlin,Garlette,tgarlettejd@ihg.com,Male,XL
699,Sarina,Tree,streeje@cbsnews.com,Female,XL
700,Caresa,Welton,cweltonjf@webs.com,Female,L
701,Clara,Gow,cgowjg@weibo.com,Female,S
702,Grady,Eaglestone,geaglestonejh@histats.com,Male,XS
703,Jeramey,Dickinson,jdickinsonji@hexun.com,Male,XL
704,Ellissa,Alexander,ealexanderjj@w3.org,Female,3XL
705,Cort,Fireman,cfiremanjk@time.com,Male,2XL
706,Dunc,Cristofolini,dcristofolinijl@wikipedia.org,Male,3XL
707,Appolonia,Durnin,adurninjm@google.ca,Female,XL
708,Earle,Babb,ebabbjn@vinaora.com,Male,S
709,Melodee,Yakunin,myakuninjo@uol.com.br,Female,XL
710,Reggie,Sattin,rsattinjp@wix.com,Male,L
711,Rhonda,Hasser,rhasserjq@wordpress.com,Female,M
712,Katrine,Inworth,kinworthjr@umich.edu,Female,2XL
713,Hector,Grelka,hgrelkajs@unicef.org,Male,L
714,Gawen,Meiklam,gmeiklamjt@facebook.com,Male,XL
715,Griz,Willetts,gwillettsju@irs.gov,Male,L
716,Nathanial,Lovart,nlovartjv@uol.com.br,Male,XL
717,Rayner,Jurzyk,rjurzykjw@homestead.com,Male,3XL
718,Ozzie,Jendrach,ojendrachjx@sogou.com,Male,M
719,Tiebold,Escofier,tescofierjy@phpbb.com,Male,3XL
720,Celestina,De Domenicis,cdedomenicisjz@utexas.edu,Female,L
721,Hermann,Farrand,hfarrandk0@a8.net,Male,XS
722,Tom,Marquese,tmarquesek1@google.fr,Male,XS
723,Giavani,Farlow,gfarlowk2@salon.com,Male,L
724,Arielle,Van De Cappelle,avandecappellek3@edublogs.org,Female,M
725,Bailie,Marfe,bmarfek4@chicagotribune.com,Male,2XL
726,Katie,Kildale,kkildalek5@archive.org,Genderfluid,3XL
727,Lauralee,Bowick,lbowickk6@nih.gov,Female,2XL
728,Woodman,Gosnell,wgosnellk7@fda.gov,Male,M
729,Vikki,O'Hickee,vohickeek8@google.com.hk,Female,XS
730,Steven,Kenewel,skenewelk9@digg.com,Genderfluid,L
731,Millard,Petricek,mpetricekka@yandex.ru,Genderqueer,2XL
732,Darline,Packham,dpackhamkb@fotki.com,Female,XL
733,Jonah,Heaven,jheavenkc@over-blog.com,Male,3XL
734,Levin,Skellion,lskellionkd@techcrunch.com,Non-binary,S
735,Steward,Turbill,sturbillke@wufoo.com,Male,XL
736,Constancia,Everex,ceverexkf@bbc.co.uk,Female,S
737,Gerda,Vallender,gvallenderkg@omniture.com,Female,S
738,Winne,Shapcott,wshapcottkh@arstechnica.com,Female,2XL
739,Ibby,Vicker,ivickerki@salon.com,Female,3XL
740,Tye,Chezelle,tchezellekj@trellian.com,Male,XL
741,Billye,Telford,btelfordkk@pagesperso-orange.fr,Female,XL
742,Mackenzie,Sisse,msissekl@rakuten.co.jp,Male,XL
743,Dalli,Malinowski,dmalinowskikm@weebly.com,Male,XL
744,Marjory,Straughan,mstraughankn@netvibes.com,Female,S
745,Reginauld,Fforde,rffordeko@de.vu,Polygender,2XL
746,Cal,Mynard,cmynardkp@google.de,Male,3XL
747,Maurise,Mowatt,mmowattkq@merriam-webster.com,Male,XL
748,Rennie,Ferronier,rferronierkr@statcounter.com,Female,M
749,Evangeline,Zettoi,ezettoiks@opensource.org,Female,2XL
750,Elmer,Fouldes,efouldeskt@imageshack.us,Male,2XL
751,Chad,Rawll,crawllku@wikimedia.org,Bigender,XL
752,Kendra,Leirmonth,kleirmonthkv@ebay.co.uk,Female,L
753,Jerri,Glasman,jglasmankw@cnbc.com,Male,XS
754,Shandy,Switsur,sswitsurkx@tumblr.com,Female,S
755,Dwight,Gringley,dgringleyky@g.co,Male,3XL
756,Helli,Rosenfelder,hrosenfelderkz@studiopress.com,Female,M
757,Kamillah,Broodes,kbroodesl0@hhs.gov,Polygender,M
758,Anett,Hyland,ahylandl1@apache.org,Female,XS
759,Stephanie,Garner,sgarnerl2@xrea.com,Female,2XL
760,Patin,Fullerlove,pfullerlovel3@live.com,Male,XS
761,Pip,Tapner,ptapnerl4@ted.com,Male,L
762,Stefania,Brisker,sbriskerl5@harvard.edu,Female,S
763,Lloyd,Reame,lreamel6@cbc.ca,Male,L
764,Jo-anne,Ivasechko,jivasechkol7@epa.gov,Female,3XL
765,Hobard,Vsanelli,hvsanellil8@ucla.edu,Male,L
766,Beck,Eilhermann,beilhermannl9@netvibes.com,Male,2XL
767,Derward,Knighton,dknightonla@eventbrite.com,Male,L
768,Eolande,Gordon-Giles,egordongileslb@usa.gov,Female,XL
769,Dana,Walshe,dwalshelc@spotify.com,Male,M
770,Mahmoud,Marien,mmarienld@gravatar.com,Male,M
771,Jeralee,Pentony,jpentonyle@about.me,Female,XS
772,Anthea,Bickers,abickerslf@godaddy.com,Female,2XL
773,Codee,Rottcher,crottcherlg@thetimes.co.uk,Female,L
774,Adelina,Lee,aleelh@china.com.cn,Female,L
775,Danita,Serrell,dserrellli@infoseek.co.jp,Female,XS
776,Fernando,Buist,fbuistlj@craigslist.org,Male,2XL
777,Garner,Leamy,gleamylk@engadget.com,Male,M
778,Brenda,Szachniewicz,bszachniewiczll@timesonline.co.uk,Female,3XL
779,Tann,Gilliland,tgillilandlm@dot.gov,Male,M
780,Janey,Celler,jcellerln@geocities.jp,Female,3XL
781,Elden,Orthmann,eorthmannlo@chron.com,Male,XL
782,Cyndi,Barrass,cbarrasslp@time.com,Female,XS
783,Gerick,Cumberpatch,gcumberpatchlq@sohu.com,Male,3XL
784,Lilllie,Smye,lsmyelr@springer.com,Polygender,XL
785,Glynis,Grayson,ggraysonls@webeden.co.uk,Female,L
786,Marinna,Swaisland,mswaislandlt@mtv.com,Female,XS
787,Prudence,Aberchirder,paberchirderlu@bizjournals.com,Female,2XL
788,Hilliary,Duggary,hduggarylv@eepurl.com,Female,XL
789,Shalna,Gammon,sgammonlw@businesswire.com,Female,L
790,Chloris,Blant,cblantlx@fotki.com,Non-binary,3XL
791,Konstance,Bydaway,kbydawayly@diigo.com,Female,M
792,Cherey,Palfreman,cpalfremanlz@dot.gov,Female,XS
793,Cyrill,Niblock,cniblockm0@ucoz.ru,Male,2XL
794,Erin,Pala,epalam1@whitehouse.gov,Male,L
795,Piotr,Swanton,pswantonm2@barnesandnoble.com,Male,XS
796,Web,Ditty,wdittym3@vkontakte.ru,Male,XS
797,Ailsun,Ganderton,agandertonm4@github.com,Female,2XL
798,Patrizia,Veschi,pveschim5@guardian.co.uk,Female,3XL
799,Jennie,Pharaoh,jpharaohm6@ox.ac.uk,Female,M
800,Elmira,Brearley,ebrearleym7@time.com,Female,L
801,Aubrie,Merington,ameringtonm8@fotki.com,Polygender,S
802,Vick,Culvey,vculveym9@soup.io,Male,M
803,Benedicta,Yanyshev,byanyshevma@bing.com,Female,3XL
804,Burl,Crowd,bcrowdmb@columbia.edu,Male,3XL
805,Dorolice,Hardesty,dhardestymc@skype.com,Female,S
806,Drugi,Brauns,dbraunsmd@youtu.be,Male,L
807,Karee,Hobell,khobellme@mapy.cz,Female,L
808,Noelani,St Pierre,nstpierremf@a8.net,Female,3XL
809,George,Ashbe,gashbemg@miitbeian.gov.cn,Male,S
810,Clayton,Goodding,cgooddingmh@php.net,Male,3XL
811,Onfroi,Crossland,ocrosslandmi@t-online.de,Male,3XL
812,Devan,D' Angelo,ddangelomj@squarespace.com,Female,3XL
813,Kimbell,Persence,kpersencemk@economist.com,Male,XL
814,Dinnie,Allitt,dallittml@google.it,Female,XS
815,Roz,Bimson,rbimsonmm@123-reg.co.uk,Female,S
816,Giraud,Riggey,griggeymn@about.com,Male,2XL
817,Padraic,Parkinson,pparkinsonmo@ibm.com,Male,3XL
818,Bay,McDool,bmcdoolmp@usnews.com,Male,XL
819,Annabelle,Fuzzey,afuzzeymq@house.gov,Female,L
820,Cody,Aplin,caplinmr@nps.gov,Female,XL
821,Colette,Euels,ceuelsms@mozilla.com,Female,L
822,Harp,Shaxby,hshaxbymt@weebly.com,Male,XS
823,Nicolai,Barrim,nbarrimmu@wikipedia.org,Male,3XL
824,Esmaria,Wittleton,ewittletonmv@blog.com,Female,L
825,Winnie,Barradell,wbarradellmw@marriott.com,Male,2XL
826,Harry,Clifforth,hclifforthmx@go.com,Male,S
827,Isidro,Jillard,ijillardmy@addthis.com,Male,S
828,Johanna,Cabbell,jcabbellmz@walmart.com,Genderfluid,L
829,Patsy,Blackmuir,pblackmuirn0@seattletimes.com,Female,S
830,Donny,Wemyss,dwemyssn1@deviantart.com,Female,XL
831,Bale,Rash,brashn2@fastcompany.com,Male,XS
832,Jania,Grodden,jgroddenn3@sogou.com,Female,M
833,Domeniga,Fri,dfrin4@infoseek.co.jp,Female,XL
834,Ewen,Cossons,ecossonsn5@istockphoto.com,Male,XL
835,Patricio,Le Houx,plehouxn6@google.es,Male,L
836,Constancia,Pheasey,cpheaseyn7@go.com,Female,2XL
837,Ranique,Whodcoat,rwhodcoatn8@yellowpages.com,Female,S
838,Wileen,Tait,wtaitn9@liveinternet.ru,Female,XL
839,Pavla,Jouandet,pjouandetna@paginegialle.it,Polygender,3XL
840,Siana,Cropton,scroptonnb@angelfire.com,Female,M
841,Jose,Auld,jauldnc@hibu.com,Male,XS
842,Sansone,Sworn,sswornnd@4shared.com,Male,3XL
843,Tawnya,Kennermann,tkennermannne@xing.com,Female,L
844,Tawnya,Gooms,tgoomsnf@ifeng.com,Female,S
845,Morey,Cruddas,mcruddasng@foxnews.com,Male,XL
846,Hunt,Renish,hrenishnh@fema.gov,Male,3XL
847,Fitz,Soans,fsoansni@java.com,Male,M
848,Waverley,Blouet,wblouetnj@nhs.uk,Male,M
849,Fidel,Elflain,felflainnk@vimeo.com,Male,M
850,Clovis,Chatfield,cchatfieldnl@arizona.edu,Female,M
851,Broddy,Bissatt,bbissattnm@apple.com,Male,S
852,Blinny,Forrester,bforresternn@tiny.cc,Female,S
853,Peggie,Mallon,pmallonno@eepurl.com,Female,XL
854,Evangeline,Petrelluzzi,epetrelluzzinp@answers.com,Female,2XL
855,Jard,Kerslake,jkerslakenq@alibaba.com,Male,M
856,Saraann,Bevens,sbevensnr@naver.com,Female,XS
857,Cathyleen,Anan,cananns@studiopress.com,Female,3XL
858,Tracie,Matteo,tmatteont@discovery.com,Female,2XL
859,Ingrid,Haken,ihakennu@cnn.com,Female,S
860,Kimball,Salmon,ksalmonnv@ning.com,Male,S
861,Cecilla,Mollison,cmollisonnw@soup.io,Female,M
862,Hally,Ziemsen,hziemsennx@blogspot.com,Female,3XL
863,Hillery,Rickaby,hrickabyny@comsenz.com,Male,2XL
864,Madelena,Leighton,mleightonnz@slashdot.org,Female,XL
865,Sunny,Page,spageo0@wikimedia.org,Female,S
866,Agnola,Lindemann,alindemanno1@technorati.com,Female,3XL
867,Rhiamon,Redler,rredlero2@miibeian.gov.cn,Female,XS
868,Cesya,Solway,csolwayo3@addtoany.com,Female,XL
869,Gipsy,Espie,gespieo4@wikimedia.org,Bigender,S
870,Ewell,Genny,egennyo5@engadget.com,Male,S
871,Yankee,Lenden,ylendeno6@fema.gov,Male,XS
872,Maryann,Scoggin,mscoggino7@arstechnica.com,Female,XS
873,Rozina,Aaron,raarono8@tumblr.com,Female,L
874,Ursuline,Pizzey,upizzeyo9@ask.com,Female,L
875,Georgine,O'Finan,gofinanoa@cbsnews.com,Female,3XL
876,Fonsie,Petlyura,fpetlyuraob@pcworld.com,Male,2XL
877,Penrod,Gillon,pgillonoc@forbes.com,Male,3XL
878,Millicent,Geerling,mgeerlingod@t.co,Female,XL
879,Reese,Gofforth,rgofforthoe@storify.com,Male,XS
880,Mala,Bevis,mbevisof@ameblo.jp,Female,S
881,Ashil,Dacey,adaceyog@wsj.com,Female,XL
882,Roseann,Lies,rliesoh@people.com.cn,Agender,L
883,Randell,Duigan,rduiganoi@hexun.com,Male,XL
884,Alan,Rizon,arizonoj@wufoo.com,Male,L
885,Carolyne,Millmore,cmillmoreok@prlog.org,Female,S
886,Goldina,Gossling,ggosslingol@omniture.com,Female,2XL
887,Igor,Strover,istroverom@mozilla.org,Male,L
888,Adrian,Bidgod,abidgodon@joomla.org,Female,M
889,Carol-jean,Stonehewer,cstoneheweroo@imgur.com,Female,S
890,Birgit,Fawson,bfawsonop@oakley.com,Female,XS
891,Kale,Ollcott,kollcottoq@arizona.edu,Male,M
892,Megen,Paddison,mpaddisonor@bandcamp.com,Female,XS
893,Lory,Leband,llebandos@sohu.com,Female,XL
894,Wood,Wellan,wwellanot@pbs.org,Male,XS
895,Mame,Dodworth,mdodworthou@newyorker.com,Female,S
896,Alexandr,MacKeever,amackeeverov@google.co.jp,Male,L
897,Nahum,Wannan,nwannanow@t-online.de,Polygender,3XL
898,Essy,Willsmore,ewillsmoreox@indiegogo.com,Female,3XL
899,Court,Wintersgill,cwintersgilloy@hatena.ne.jp,Male,3XL
900,Linn,Brockley,lbrockleyoz@stanford.edu,Genderqueer,XL
901,Lucius,Milesop,lmilesopp0@dell.com,Male,2XL
902,Christoforo,Linch,clinchp1@tripadvisor.com,Male,2XL
903,Arnold,Windley,awindleyp2@geocities.jp,Male,2XL
904,Verla,Wellwood,vwellwoodp3@networksolutions.com,Female,L
905,Katha,Garrioch,kgarriochp4@hexun.com,Female,M
906,Kinny,Worling,kworlingp5@bbc.co.uk,Male,XS
907,Savina,Ogilvy,sogilvyp6@desdev.cn,Female,M
908,Pierre,Cadd,pcaddp7@cloudflare.com,Male,2XL
909,Langston,Carlick,lcarlickp8@marriott.com,Male,L
910,Lambert,Fayre,lfayrep9@behance.net,Male,M
911,Jerry,Wellings,jwellingspa@usatoday.com,Male,2XL
912,Herculie,Pidgley,hpidgleypb@opensource.org,Male,2XL
913,Denys,Reyburn,dreyburnpc@eventbrite.com,Male,S
914,King,Stienton,kstientonpd@nasa.gov,Male,XS
915,Theo,Shurman,tshurmanpe@addtoany.com,Female,L
916,Damara,Bingell,dbingellpf@blogspot.com,Female,XL
917,Hermione,Beckworth,hbeckworthpg@cisco.com,Female,M
918,Cyb,Le Brum,clebrumph@odnoklassniki.ru,Female,XS
919,Devy,Ivimy,divimypi@weibo.com,Polygender,2XL
920,Joshuah,Snozzwell,jsnozzwellpj@sakura.ne.jp,Male,XS
921,Drucy,Griffoen,dgriffoenpk@biglobe.ne.jp,Female,M
922,Cart,Artingstall,cartingstallpl@reference.com,Male,M
923,Daniele,Schapero,dschaperopm@wp.com,Polygender,M
924,Christy,Martellini,cmartellinipn@tamu.edu,Male,S
925,Annetta,Aasaf,aaasafpo@wp.com,Female,3XL
926,Toinette,Blackater,tblackaterpp@dedecms.com,Female,M
927,Mignon,Buer,mbuerpq@list-manage.com,Female,2XL
928,Job,Cocking,jcockingpr@nps.gov,Male,L
929,Delmer,Mechic,dmechicps@unblog.fr,Male,XL
930,Leland,Fumagall,lfumagallpt@dyndns.org,Female,3XL
931,Tasia,Beirne,tbeirnepu@indiegogo.com,Female,XS
932,Noble,Lidgate,nlidgatepv@ucoz.com,Male,3XL
933,Gordon,Ockendon,gockendonpw@twitter.com,Male,XS
934,Forbes,Aldus,falduspx@jigsy.com,Male,XL
935,Cross,Vasilischev,cvasilischevpy@umich.edu,Male,2XL
936,Thebault,O'Tierney,totierneypz@ucoz.com,Male,XS
937,Shirl,Corballis,scorballisq0@webnode.com,Female,L
938,Hakeem,Kerbler,hkerblerq1@sogou.com,Male,2XL
939,Maisey,Dell Casa,mdellcasaq2@cbc.ca,Female,M
940,Lon,Sewart,lsewartq3@nytimes.com,Male,S
941,Cass,Westwick,cwestwickq4@rakuten.co.jp,Female,L
942,Elias,Grimsey,egrimseyq5@irs.gov,Male,3XL
943,Gawen,Simonsson,gsimonssonq6@soundcloud.com,Male,XL
944,Sile,Dalyiel,sdalyielq7@ifeng.com,Female,M
945,Linnie,Swyer-Sexey,lswyersexeyq8@engadget.com,Female,XL
946,Ange,Shaul,ashaulq9@phpbb.com,Female,M
947,Vaughan,Effemy,veffemyqa@nasa.gov,Male,2XL
948,Ira,Jaynes,ijaynesqb@github.com,Male,2XL
949,Golda,Jeffcoate,gjeffcoateqc@wikipedia.org,Female,S
950,April,Zeal,azealqd@cisco.com,Female,XL
951,Guillaume,Tweddle,gtweddleqe@mozilla.org,Male,XS
952,Crichton,Delnevo,cdelnevoqf@admin.ch,Male,XS
953,Myrtia,Hassey,mhasseyqg@cnn.com,Female,3XL
954,Paco,Colnet,pcolnetqh@arstechnica.com,Male,XL
955,Misha,Matthis,mmatthisqi@sphinn.com,Female,XL
956,Albertina,Scroggins,ascrogginsqj@ameblo.jp,Female,2XL
957,Thornie,Alderson,taldersonqk@scribd.com,Male,XL
958,Lizbeth,Siley,lsileyql@bloglovin.com,Female,L
959,Alonzo,Sussems,asussemsqm@nih.gov,Male,XL
960,Sterling,Binning,sbinningqn@salon.com,Male,S
961,Dennis,Brentnall,dbrentnallqo@macromedia.com,Male,XS
962,Patten,Nicholl,pnichollqp@google.ru,Male,2XL
963,Burl,Do,bdoqq@tuttocitta.it,Male,S
964,Herbert,Trundle,htrundleqr@barnesandnoble.com,Male,L
965,Gena,Sollime,gsollimeqs@ibm.com,Female,2XL
966,Chancey,Sneyd,csneydqt@columbia.edu,Male,2XL
967,Marisa,Crowne,mcrownequ@prweb.com,Female,2XL
968,Jodie,Ramalho,jramalhoqv@unc.edu,Non-binary,XL
969,Annora,Ricca,ariccaqw@dmoz.org,Genderfluid,S
970,Micaela,Ghelardi,mghelardiqx@usa.gov,Female,XS
971,Maxie,Heinzler,mheinzlerqy@google.ru,Female,2XL
972,Nikolai,Emlyn,nemlynqz@cbc.ca,Male,XS
973,Jillayne,Luckcuck,jluckcuckr0@bigcartel.com,Female,3XL
974,Rinaldo,Charters,rchartersr1@businessinsider.com,Male,3XL
975,Bord,Ace,bacer2@digg.com,Male,3XL
976,Briny,Sweetmore,bsweetmorer3@vk.com,Female,2XL
977,Lincoln,Blabber,lblabberr4@cloudflare.com,Male,XL
978,Ajay,Lomond,alomondr5@nifty.com,Female,L
979,Drucie,O'Corrane,docorraner6@sourceforge.net,Female,XS
980,Christoph,Vase,cvaser7@tuttocitta.it,Male,XL
981,Hollie,Feyer,hfeyerr8@usda.gov,Female,XS
982,Sebastiano,Izkovitch,sizkovitchr9@bloglines.com,Male,S
983,Gena,Eldredge,geldredgera@sitemeter.com,Female,XS
984,Tansy,Dowell,tdowellrb@xing.com,Female,L
985,Diandra,Beckworth,dbeckworthrc@admin.ch,Female,XL
986,Giulietta,Landal,glandalrd@infoseek.co.jp,Female,2XL
987,Moss,Mountford,mmountfordre@themeforest.net,Male,XS
988,Alys,Rowthorn,arowthornrf@addthis.com,Female,XL
989,Karlens,McElmurray,kmcelmurrayrg@geocities.com,Male,M
990,Wyndham,Blackshaw,wblackshawrh@twitter.com,Male,M
991,Arturo,Stickells,astickellsri@nature.com,Male,XL
992,Conrado,Elcock,celcockrj@facebook.com,Male,L
993,Noland,Castille,ncastillerk@technorati.com,Male,2XL
994,Alysia,Espley,aespleyrl@sun.com,Polygender,L
995,Darleen,Mordacai,dmordacairm@ibm.com,Female,S
996,Elfrieda,Luppitt,eluppittrn@rambler.ru,Non-binary,M
997,Ezra,Binley,ebinleyro@noaa.gov,Male,XS
998,Tersina,Kahler,tkahlerrp@de.vu,Female,XL
999,Corella,Daburn,cdaburnrq@fastcompany.com,Female,S
1000,Fletch,Gillise,fgilliserr@tripadvisor.com,Male,2XL
